{
    "input_file": "nodes_1000.json",
    "best_path": [
        0,
        18,
        37,
        55,
        42,
        38,
        32,
        35,
        13,
        24,
        14,
        12,
        51,
        25,
        48,
        15,
        49,
        29,
        53,
        46,
        2,
        7,
        26,
        50,
        10,
        47,
        23,
        52,
        11,
        1,
        28,
        39,
        22,
        3,
        21,
        54,
        27,
        8,
        9,
        20,
        40,
        19,
        41,
        36,
        33,
        44,
        43,
        5,
        16,
        31,
        4,
        45,
        30,
        6,
        34,
        17
    ],
    "best_time": 113.52565081144357,
    "energy": {
        "Member": {
            "E_tx": 0.04096,
            "E_idle": 0.008792565081144357,
            "E_total": 0.04975256508114436
        },
        "Target": {
            "E_rx": 0.08192,
            "E_tx": 0.00065536,
            "E_idle": 0.0010716050811443564,
            "E_total": 0.08364696508114436
        }
    },
    "timestamp": "2025-10-24 15:45:44"
}