{
    "input_file": "nodes_100.json",
    "best_path": [
        0,
        4,
        7,
        16,
        6,
        14,
        17,
        3,
        8,
        12,
        1,
        11,
        10,
        2,
        9,
        15,
        13,
        5
    ],
    "best_time": 63.099813881413716,
    "energy": {
        "Member": {
            "E_tx": 0.04096,
            "E_idle": 0.003749981388141372,
            "E_total": 0.044709981388141376
        },
        "Target": {
            "E_rx": 0.08192,
            "E_tx": 0.00065536,
            "E_idle": -0.003970978611858629,
            "E_total": 0.07860438138814137
        }
    },
    "timestamp": "2025-10-24 15:44:21"
}