{
    "input_file": "nodes_200.json",
    "best_path": [
        0,
        23,
        4,
        3,
        14,
        22,
        11,
        25,
        13,
        6,
        16,
        26,
        17,
        18,
        8,
        1,
        9,
        7,
        19,
        2,
        15,
        24,
        12,
        21,
        10,
        20,
        5
    ],
    "best_time": 65.18742466755566,
    "energy": {
        "Member": {
            "E_tx": 0.04096,
            "E_idle": 0.003958742466755566,
            "E_total": 0.04491874246675557
        },
        "Target": {
            "E_rx": 0.08192,
            "E_tx": 0.00065536,
            "E_idle": -0.0037622175332444343,
            "E_total": 0.07881314246675557
        }
    },
    "timestamp": "2025-10-24 15:47:10"
}