{
    "input_file": "nodes_20.json",
    "best_path": [
        0,
        7,
        3,
        1,
        4,
        2,
        6,
        5
    ],
    "best_time": 81.48693664981379,
    "energy": {
        "Member": {
            "E_tx": 0.04096,
            "E_idle": 0.005588693664981379,
            "E_total": 0.046548693664981385
        },
        "Target": {
            "E_rx": 0.08192,
            "E_tx": 0.00065536,
            "E_idle": -0.002132266335018622,
            "E_total": 0.08044309366498138
        }
    },
    "timestamp": "2025-10-24 15:46:10"
}