{
    "input_file": "nodes_500.json",
    "best_path": [
        0,
        7,
        15,
        31,
        9,
        19,
        8,
        1,
        35,
        3,
        26,
        22,
        24,
        21,
        28,
        13,
        27,
        23,
        34,
        25,
        20,
        4,
        29,
        2,
        11,
        12,
        33,
        18,
        10,
        5,
        30,
        14,
        6,
        32,
        16,
        17
    ],
    "best_time": 66.9391027683605,
    "energy": {
        "Member": {
            "E_tx": 0.04096,
            "E_idle": 0.00413391027683605,
            "E_total": 0.045093910276836055
        },
        "Target": {
            "E_rx": 0.08192,
            "E_tx": 0.00065536,
            "E_idle": -0.0035870497231639507,
            "E_total": 0.07898831027683605
        }
    },
    "timestamp": "2025-10-24 15:47:45"
}