{
    "best_path": [
        10,
        7,
        18,
        12,
        13,
        4
    ],
    "best_time": 84.61254793245246,
    "energy": {
        "Member": {
            "E_tx": 0.04096,
            "E_idle": 0.005901254793245246,
            "E_total": 0.04686125479324525
        },
        "Target": {
            "E_rx": 0.08192,
            "E_tx": 0.00065536,
            "E_idle": -0.001819705206754755,
            "E_total": 0.08075565479324524
        }
    },
    "timestamp": "2025-10-21 10:28:54"
}