{
    "best_path": [
        0,
        2,
        6,
        4,
        5,
        1,
        3
    ],
    "best_time": 118.54466021202279,
    "energy": {
        "Member": {
            "E_tx": 0.04096,
            "E_idle": 0.00929446602120228,
            "E_total": 0.05025446602120229
        },
        "Target": {
            "E_rx": 0.08192,
            "E_tx": 0.00065536,
            "E_idle": 0.0015735060212022786,
            "E_total": 0.08414886602120228
        }
    },
    "timestamp": "2025-10-21 10:41:17"
}