{
    "best_path": [
        0,
        15,
        16,
        5,
        13,
        20,
        6,
        21,
        24,
        7,
        9,
        10,
        1,
        28,
        3,
        27,
        2,
        33,
        32,
        29,
        8,
        30,
        26,
        11,
        34,
        31,
        18,
        25,
        12,
        22,
        23,
        14,
        4,
        17,
        19
    ],
    "best_time": 139.7193769534582,
    "energy": {
        "Member": {
            "E_tx": 0.04096,
            "E_idle": 0.011411937695345821,
            "E_total": 0.05237193769534582
        },
        "Target": {
            "E_rx": 0.08192,
            "E_tx": 0.00065536,
            "E_idle": 0.0036909776953458207,
            "E_total": 0.08626633769534582
        }
    },
    "timestamp": "2025-10-21 10:47:28"
}