{
    "best_path": [
        0,
        14,
        31,
        29,
        7,
        20,
        15,
        4,
        52,
        1,
        18,
        50,
        6,
        30,
        33,
        9,
        46,
        8,
        36,
        22,
        12,
        40,
        37,
        42,
        10,
        21,
        17,
        51,
        26,
        49,
        39,
        23,
        13,
        35,
        47,
        48,
        28,
        38,
        27,
        3,
        54,
        19,
        2,
        32,
        45,
        11,
        41,
        24,
        43,
        25,
        44,
        16,
        34,
        5,
        53
    ],
    "best_time": 283.0829889351024,
    "energy": {
        "Member": {
            "E_tx": 0.04096,
            "E_idle": 0.025748298893510237,
            "E_total": 0.06670829889351024
        },
        "Target": {
            "E_rx": 0.08192,
            "E_tx": 0.00065536,
            "E_idle": 0.01802733889351024,
            "E_total": 0.10060269889351024
        }
    },
    "timestamp": "2025-10-21 10:41:08"
}