{
    "best_path": [
        0,
        2,
        1,
        9,
        14,
        12,
        11,
        5,
        8,
        13,
        6,
        7,
        10,
        16,
        15,
        3,
        4
    ],
    "best_time": 81.63099692069503,
    "energy": {
        "Member": {
            "E_tx": 0.04096,
            "E_idle": 0.005603099692069503,
            "E_total": 0.04656309969206951
        },
        "Target": {
            "E_rx": 0.08192,
            "E_tx": 0.00065536,
            "E_idle": -0.002117860307930498,
            "E_total": 0.0804574996920695
        }
    },
    "timestamp": "2025-10-21 10:34:01"
}