{
    "best_path": [
        0,
        24,
        16,
        1,
        19,
        20,
        17,
        6,
        12,
        5,
        7,
        21,
        11,
        3,
        10,
        4,
        18,
        8,
        25,
        2,
        14,
        22,
        13,
        9,
        15,
        23
    ],
    "best_time": 130.85848349170885,
    "energy": {
        "Member": {
            "E_tx": 0.04096,
            "E_idle": 0.010525848349170886,
            "E_total": 0.05148584834917089
        },
        "Target": {
            "E_rx": 0.08192,
            "E_tx": 0.00065536,
            "E_idle": 0.0028048883491708847,
            "E_total": 0.08538024834917088
        }
    },
    "timestamp": "2025-10-21 10:42:23"
}