{
    "input_file": "nodes_150.json",
    "timestamp": "2025-12-09 08:47:54",
    "initial_total_nodes": 150,
    "cycles": 4,
    "reclustering_count": 0,
    "total_operation_time": 1104.8112582689282,
    "first_death_cycle": null,
    "first_death_time": null,
    "final_alive_nodes": 150,
    "survival_rate": 100.0,
    "outputs": [
        {
            "cycle": 1,
            "num_clusters": 18,
            "best_path_indices": [
                0,
                12,
                2,
                1,
                13,
                16,
                7,
                4,
                15,
                17,
                5,
                8,
                18,
                6,
                11,
                10,
                3,
                9,
                14
            ],
            "best_path_node_ids": [
                "O",
                60,
                79,
                7,
                133,
                27,
                124,
                45,
                100,
                22,
                41,
                119,
                64,
                111,
                68,
                50,
                145,
                12,
                90
            ],
            "best_time": 276.07449326317794,
            "cumulative_time": 276.07449326317794,
            "dead_nodes": [],
            "alive_nodes": 150,
            "total_energy_remaining": 14989.488783401066,
            "reclustered": false
        },
        {
            "cycle": 2,
            "num_clusters": 18,
            "best_path_indices": [
                0,
                12,
                2,
                1,
                13,
                16,
                7,
                4,
                15,
                17,
                5,
                8,
                18,
                6,
                11,
                10,
                3,
                9,
                14
            ],
            "best_path_node_ids": [
                "O",
                24,
                72,
                0,
                91,
                21,
                88,
                3,
                93,
                17,
                5,
                83,
                23,
                75,
                26,
                20,
                109,
                13,
                84
            ],
            "best_time": 276.07449326317794,
            "cumulative_time": 552.1489865263559,
            "dead_nodes": [],
            "alive_nodes": 150,
            "total_energy_remaining": 14978.977566802134,
            "reclustered": false
        },
        {
            "cycle": 3,
            "num_clusters": 18,
            "best_path_indices": [
                0,
                14,
                9,
                3,
                10,
                11,
                6,
                17,
                18,
                8,
                5,
                15,
                4,
                7,
                16,
                13,
                1,
                2,
                12
            ],
            "best_path_node_ids": [
                "O",
                96,
                18,
                144,
                49,
                32,
                76,
                58,
                28,
                89,
                11,
                99,
                4,
                94,
                33,
                92,
                1,
                73,
                25
            ],
            "best_time": 276.5877784793943,
            "cumulative_time": 828.7367650057502,
            "dead_nodes": [],
            "alive_nodes": 150,
            "total_energy_remaining": 14968.458650924931,
            "reclustered": false
        },
        {
            "cycle": 4,
            "num_clusters": 18,
            "best_path_indices": [
                0,
                14,
                9,
                3,
                10,
                11,
                6,
                18,
                8,
                5,
                17,
                15,
                4,
                7,
                16,
                13,
                1,
                2,
                12
            ],
            "best_path_node_ids": [
                "O",
                120,
                19,
                146,
                55,
                62,
                82,
                29,
                125,
                40,
                59,
                105,
                9,
                122,
                63,
                98,
                2,
                74,
                30
            ],
            "best_time": 276.07449326317794,
            "cumulative_time": 1104.8112582689282,
            "dead_nodes": [],
            "alive_nodes": 150,
            "total_energy_remaining": 14957.947434325983,
            "reclustered": false
        }
    ]
}